virus1	NC_001499.1_Abelson_murine_leukemia_virus,_complete_genome
virus2	NC_002077.1_Adeno-associated_virus_-_1,_complete_genome
virus3	NC_001401.2_Adeno-associated_virus_-_2,_complete_genome
virus4	NC_001729.1_Adeno-associated_virus_-_3,_complete_genome
virus5	NC_001829.1_Adeno-associated_virus_-_4,_complete_genome
virus6	NC_006260.1_Adeno-associated_virus_-_7,_complete_genome
virus7	NC_006261.1_Adeno-associated_virus_-_8,_complete_genome
virus8	NC_006152.1_Adeno-associated_virus_5,_complete_genome
virus9	AF028704.1_Adeno-associated_virus_6,_complete_genome
virus10	NC_007548.1_Adult_diarrheal_rotavirus_strain_J19,_complete_genome
virus11	NC_007549.1_Adult_diarrheal_rotavirus_strain_J19,_complete_genome
virus12	NC_007550.1_Adult_diarrheal_rotavirus_strain_J19,_complete_genome
virus13	NC_007551.1_Adult_diarrheal_rotavirus_strain_J19,_complete_genome
virus14	NC_007552.1_Adult_diarrheal_rotavirus_strain_J19,_complete_genome
virus15	NC_007553.1_Adult_diarrheal_rotavirus_strain_J19,_complete_genome
virus16	NC_007554.1_Adult_diarrheal_rotavirus_strain_J19,_complete_genome
virus17	NC_007555.1_Adult_diarrheal_rotavirus_strain_J19,_complete_genome
virus18	NC_007556.1_Adult_diarrheal_rotavirus_strain_J19,_complete_genome
virus19	NC_007557.1_Adult_diarrheal_rotavirus_strain_J19,_complete_genome
virus20	NC_007558.1_Adult_diarrheal_rotavirus_strain_J19,_complete_genome
virus21	NC_012932.1_Aedes_flavivirus_genomic_RNA,_complete_genome,_strain:_Narita-21
virus22	NC_015451.1_Aguacate_virus_segment_L,_complete_genome
virus23	NC_015450.1_Aguacate_virus_segment_M,_complete_genome
virus24	NC_015452.1_Aguacate_virus_segment_S,_complete_genome
virus25	NC_018459.1_Aino_virus_Gn-Gc-NSm_gene_for_M_polyprotein,_segment_M,_genomic_RNA,_isolate_38K
virus26	NC_018460.1_Aino_virus_N_and_NSs_genes,_segment_S,_genomic_RNA,_isolate_38K
virus27	NC_018465.1_Aino_virus_RdRp_gene_for_RNA-dependent_RNA_polymerase,_segment_L,_genomic_RNA,_isolate_38K
virus28	NC_009894.1_Akabane_virus_segment_L,_complete_sequence
virus29	NC_009895.1_Akabane_virus_segment_M,_complete_sequence
virus30	NC_009896.1_Akabane_virus_segment_S,_complete_sequence
virus31	NC_004355.1_Alkhurma_virus,_complete_genome
virus32	NC_010249.1_Allpahuayo_virus_segment_L,_complete_sequence
virus33	NC_010253.1_Allpahuayo_virus_segment_S,_complete_sequence
virus34	NC_010251.1_Amapari_virus_segment_L,_complete_sequence
virus35	NC_010247.1_Amapari_virus_segment_S,_complete_sequence
virus36	NC_003468.2_Andes_virus_segment_L,_complete_genome
virus37	NC_003467.2_Andes_virus_segment_M,_complete_genome
virus38	NC_003466.1_Andes_virus_segment_S,_complete_sequence
virus39	NC_003676.1_Apoi_virus,_genome
virus40	NC_020808.1_Aravan_virus,_complete_genome
virus41	NC_023635.1_Arumowot_virus_segment_L,_complete_sequence
virus42	NC_023633.1_Arumowot_virus_segment_M,_complete_sequence
virus43	NC_023634.1_Arumowot_virus_segment_S,_complete_sequence
virus44	NC_003243.1_Australian_bat_lyssavirus,_complete_genome
virus45	NC_007652.1_Avian_metapneumovirus
virus46	NC_019531.1_Avian_paramyxovirus_4_strain_APMV-4/duck/Delaware/549227/2010,_complete_genome
virus47	NC_003043.1_Avian_paramyxovirus_6,_complete_genome
virus48	NC_012534.1_Bagaza_virus,_complete_genome
virus49	NC_004211.1_Banna_virus_strain_JKT-6423_segment_1,_complete_sequence
virus50	NC_004201.1_Banna_virus_segment_10,_complete_sequence
virus51	NC_004200.1_Banna_virus_segment_11,_complete_sequence
virus52	NC_004198.1_Banna_virus_segment_12,_complete_sequence
virus53	NC_004217.1_Banna_virus_strain_JKT-6423_segment_2,_complete_sequence
virus54	NC_004218.1_Banna_virus_strain_JKT-6423_segment_3,_complete_sequence
virus55	NC_004219.1_Banna_virus_strain_JKT-6423_segment_4,_complete_sequence
virus56	NC_004220.1_Banna_virus_strain_JKT-6423_segment_5,_complete_sequence
virus57	NC_004221.1_Banna_virus_strain_JKT-6423_segment_6,_complete_sequence
virus58	NC_004204.1_Banna_virus_segment_7,_complete_sequence
virus59	NC_004203.1_Banna_virus_segment_8,_complete_sequence
virus60	NC_004202.1_Banna_virus_segment_9,_complete_sequence
virus61	NC_018382.1_Bat_hepevirus,_complete_genome
virus62	NC_017936.1_Bat_sapovirus_TLC58/HK,_complete_genome
virus63	NC_010255.1_Bear_Canyon_virus_segment_L,_complete_sequence
virus64	NC_010256.1_Bear_Canyon_virus_segment_S,_complete_sequence
virus65	NC_007803.1_Beilong_virus,_complete_genome
virus66	NC_001538.1_BK_polyomavirus,_complete_genome
virus67	NC_001607.1_Borna_disease_virus_1,_complete_sequence
virus68	NC_002161.1_Bovine_parainfluenza_virus_3,_complete_genome
virus69	NC_001989.1_Bovine_respiratory_syncytial_virus,_complete_genome
virus70	NC_022039.1_Brazoran_virus_segment_L,_complete_sequence
virus71	NC_022038.1_Brazoran_virus_segment_M,_complete_sequence
virus72	NC_022037.1_Brazoran_virus_segment_S,_complete_sequence
virus73	NC_014373.1_Bundibugyo_ebolavirus_isolate_Bundibugyo_virus/H.sapiens-tc/UGA/2007/Butalya-811250,_complete_genome
virus74	NC_001925.1_Bunyamwera_virus_L_segment,_complete_sequence
virus75	NC_001926.1_Bunyamwera_virus_M_segment,_complete_sequence
virus76	NC_001927.1_Bunyamwera_virus_segment_S,_complete_sequence
virus77	NC_009026.2_Bussuquara_virus,_complete_genome
virus78	NC_012126.1_California_sea_lion_anellovirus,_complete_genome
virus79	NC_015374.1_Candiru_virus_segment_L,_complete_genome
virus80	NC_015373.1_Candiru_virus_segment_M,_complete_genome
virus81	NC_015375.1_Candiru_virus_segment_S,_complete_genome
virus82	NC_001921.1_Canine_distemper_virus,_complete_genome
virus83	NC_018484.1_CAS_virus_segment_L,_complete_genome
virus84	NC_018481.1_CAS_virus_segment_S,_complete_genome
virus85	NC_001564.1_Cell_fusing_agent_virus,_complete_genome
virus86	NC_020805.1_Chandipura_virus_isolate_CIN_0451,_complete_genome
virus87	NC_017086.1_Chaoyang_virus,_complete_genome
virus88	NC_010563.1_Chapare_virus_segment_L,_complete_sequence
virus89	NC_010562.1_Chapare_virus_segment_S,_complete_sequence
virus90	NC_004162.2_Chikungunya_virus,_complete_genome
virus91	NC_015692.1_Colobus_guereza_papillomavirus_type_2,_complete_genome
virus92	NC_004181.1_Colorado_tick_fever_virus_segment_1,_complete_sequence
virus93	NC_004189.1_Colorado_tick_fever_virus_segment_10,_complete_sequence
virus94	NC_004191.1_Colorado_tick_fever_virus_segment_11,_complete_sequence
virus95	NC_004190.1_Colorado_tick_fever_virus_segment_12,_complete_sequence
virus96	NC_004182.1_Colorado_tick_fever_virus_segment_2,_complete_sequence
virus97	NC_004183.1_Colorado_tick_fever_virus_segment_3,_complete_sequence
virus98	NC_004184.1_Colorado_tick_fever_virus_segment_4,_complete_sequence
virus99	NC_004185.1_Colorado_tick_fever_virus_segment_5,_complete_sequence
virus100	NC_004186.1_Colorado_tick_fever_virus_segment_6,_complete_sequence
virus101	NC_004187.1_Colorado_tick_fever_virus_segment_7,_complete_sequence
virus102	NC_004188.1_Colorado_tick_fever_virus_segment_8,_complete_sequence
virus103	NC_004180.1_Colorado_tick_fever_virus_segment_9,_complete_sequence
virus104	NC_014372.1_Tai_Forest_ebolavirus_isolate_Tai_Forest_virus/H.sapiens-tc/CIV/1994/Pauleoula-CI,_complete_genome
virus105	NC_005301.3_Crimean-Congo_hemorrhagic_fever_virus_segment_L,_complete_sequence
virus106	NC_005300.2_Crimean-Congo_hemorrhagic_fever_virus_segment_M,_complete_sequence
virus107	NC_005302.1_Crimean-Congo_hemorrhagic_fever_virus_segment_S,_complete_sequence
virus108	NC_008604.2_Culex_flavivirus,_complete_genome
virus109	NC_010252.1_Cupixi_virus_segment_L,_complete_sequence
virus110	NC_010254.1_Cupixi_virus_segment_S,_complete_sequence
virus111	NC_015521.1_Cutthroat_trout_virus,_complete_genome
virus112	NC_001477.1_Dengue_virus_1,_complete_genome
virus113	NC_001474.2_Dengue_virus_2,_complete_genome
virus114	NC_001475.2_Dengue_virus_3,_complete_genome
virus115	NC_002640.1_Dengue_virus_4,_complete_genome
virus116	NC_005234.1_Dobrava_virus_complete_M_segment_gene_for_glycoprotein_precursor_(G1-G2),_strain_DOBV/Ano-Poroia/Afl9/1999)
virus117	NC_005233.1_Dobrava_virus_complete_S_segment_gene_for_nucleocapsid_protein,_strain_DOBV/Ano-Poroia/Afl9/1999
virus118	NC_005235.1_Dobrava_virus_complete_L_segment_gene_for_polymerase_protein,_strain_DOBV/Ano-Poroia/Afl9/1999)
virus119	NC_005283.1_Dolphin_morbillivirus,_complete_genome
virus120	NC_016997.1_Donggang_virus,_complete_genome
virus121	NC_004159.1_Dugbe_virus_segment_L,_complete_sequence
virus122	NC_004158.1_Dugbe_virus_segment_M,_complete_sequence
virus123	NC_004157.1_Dugbe_virus_segment_S,_complete_sequence
virus124	NC_020810.1_Duvenhage_virus_isolate_86132SA,_complete_genome
virus125	NC_002549.1_Zaire_ebolavirus_isolate_Ebola_virus/H.sapiens-tc/COD/1976/Yambuku-Mayinga,_complete_genome
virus126	NC_008718.1_Entebbe_bat_virus,_complete_genome
virus127	NC_009527.1_European_bat_lyssavirus_1,_complete_genome
virus128	NC_009528.1_European_bat_lyssavirus_2,_complete_genome
virus129	NC_003696.1_Eyach_virus_segment_1,_complete_genome
virus130	NC_003705.1_Eyach_virus_segment_10,_complete_genome
virus131	NC_003706.1_Eyach_virus_segment_11,_complete_genome
virus132	NC_003707.1_Eyach_virus_segment_12,_complete_genome
virus133	NC_003697.1_Eyach_virus_segment_2,_complete_genome
virus134	NC_003698.1_Eyach_virus_segment_3,_complete_genome
virus135	NC_003699.1_Eyach_virus_segment_4,_complete_genome
virus136	NC_003700.1_Eyach_virus_segment_5,_complete_genome
virus137	NC_003701.1_Eyach_virus_segment_6,_complete_genome
virus138	NC_003702.1_Eyach_virus_segment_7,_complete_genome
virus139	NC_003703.1_Eyach_virus_segment_8,_complete_genome
virus140	NC_003704.1_Eyach_virus_segment_9,_complete_genome
virus141	NC_005084.2_Fer-de-lance_virus,_complete_genome
virus142	NC_010759.1_Flexal_virus_segment_L,_complete_sequence
virus143	NC_010757.1_Flexal_virus_segment_S,_complete_sequence
virus144	NC_001362.1_Friend_murine_leukemia_virus_FB29_complete_genome
virus145	NC_001710.1_GB_virus_C/Hepatitis_G_virus,_complete_genome
virus146	NC_018482.1_Golden_Gate_virus_segment_L,_complete_genome
virus147	NC_018483.1_Golden_Gate_virus_segment_S,_complete_genome
virus148	NC_005036.1_Goose_paramyxovirus_SF02,_complete_genome
virus149	NC_014522.1_Great_Island_virus_segment_1,_complete_genome
virus150	NC_014531.1_Great_Island_virus_segment_10,_complete_genome
virus151	NC_014523.1_Great_Island_virus_segment_2,_complete_genome
virus152	NC_014524.1_Great_Island_virus_segment_3,_complete_genome
virus153	NC_014525.1_Great_Island_virus_segment_4,_complete_genome
virus154	NC_014526.1_Great_Island_virus_segment_5,_complete_genome
virus155	NC_014527.1_Great_Island_virus_segment_6,_complete_genome
virus156	NC_014528.1_Great_Island_virus_segment_7,_complete_genome
virus157	NC_014529.1_Great_Island_virus_segment_8,_complete_genome
virus158	NC_014530.1_Great_Island_virus_segment_9,_complete_genome
virus159	NC_005082.1_Guanarito_virus_segment_L,_complete_genome
virus160	NC_005077.1_Guanarito_virus_segment_S,_complete_genome
virus161	NC_005218.1_Hantaan_virus,_complete_genome
virus162	NC_005219.1_Hantaan_virus,_complete_genome
virus163	NC_005222.1_Hantaan_virus_segment_L,_complete_genome
virus164	NC_006435.1_Hantavirus_Z10_chromosome_L,_complete_genome
virus165	NC_006433.1_Hantavirus_Z10_chromosome_S_segment,_complete_genome
virus166	NC_006437.1_Hantavirus_Z10_segment_M,_complete_genome
virus167	NC_001906.3_Hendra_virus,_complete_genome
virus168	NC_003977.1_Hepatitis_B_virus,_complete_genome
virus169	NC_004102.1_Hepatitis_C_virus_genotype_1,cds_NP_671491.1,location=342..9377
virus170	NC_009823.1_Hepatitis_C_virus_genotype_2,cds_YP_001469630.1,location=341..9442
virus171	NC_009824.1_Hepatitis_C_virus_genotype_3,_genome
virus172	NC_009825.1_Hepatitis_C_virus_genotype_4,_genome
virus173	NC_009826.1_Hepatitis_C_virus_genotype_5,_genome
virus174	NC_009827.1_Hepatitis_C_virus_genotype_6,cds_YP_001469634.1,location=343..9402
virus175	NC_001653.2_Hepatitis_delta_virus,_complete_genome
virus176	NC_001434.1_Hepatitis_E_virus,_complete_genome
virus177	NC_012959.1_Human_adenovirus_54,_complete_genome
virus178	NC_001460.1_Human_adenovirus_A,_complete_genome
virus179	NC_011203.1_Human_adenovirus_B1,_complete_genome
virus180	NC_011202.1_Human_adenovirus_B2,_complete_genome
virus181	NC_001405.1_Human_adenovirus_C,_complete_genome
virus182	NC_010956.1_Human_adenovirus_D,_complete_genome
virus183	NC_003266.2_Human_adenovirus_E,_complete_genome
virus184	NC_001454.1_Human_adenovirus_F,_complete_genome
virus185	NC_001943.1_Human_astrovirus,_complete_genome
virus186	NC_007455.1_Human_bocavirus,_complete_genome
virus187	NC_012042.1_Human_bocavirus_2c_PK_isolate_PK-5510,_complete_genome
virus188	NC_012564.1_Human_bocavirus_3,_complete_genome
virus189	NC_012729.2_Human_bocavirus_4_NI_strain_HBoV4-NI-385,_complete_genome
virus190	NC_002645.1_Human_coronavirus_229E,_complete_genome
virus191	NC_006577.2_Human_coronavirus_HKU1,_complete_genome
virus192	NC_005831.2_Human_Coronavirus_NL63,_complete_genome
virus193	NC_005147.1_Human_coronavirus_OC43,_complete_genome
virus194	NC_022518.1_Human_endogenous_retrovirus_K113,cds_YP_008603282.1_1,location=6451..8550
virus195	NC_012950.1_Human_enteric_coronavirus_strain_4408,_complete_genome
virus196	NC_001612.1_Human_enterovirus_A,_complete_genome
virus197	NC_001472.1_Human_enterovirus_B,_complete_genome
virus198	NC_001430.1_Human_enterovirus_D,_complete_genome
virus199	NC_004295.1_Human_erythrovirus_V9,_complete_genome
virus200	NC_001806.1_Human_herpesvirus_1,_complete_genome
virus201	NC_001798.1_Human_herpesvirus_2,_complete_genome
virus202	NC_001348.1_Human_herpesvirus_3,_complete_genome
virus203	NC_007605.1_Human_herpesvirus_4_complete_wild_type_genome
virus204	NC_009334.1_Human_herpesvirus_4,_complete_genome
virus205	NC_006273.2_Human_herpesvirus_5_strain_Merlin,_complete_genome
virus206	NC_001664.2_Human_herpesvirus_6A,_complete_genome
virus207	NC_000898.1_Human_herpesvirus_6B,_complete_genome
virus208	NC_001716.2_Human_herpesvirus_7,_complete_genome
virus209	NC_009333.1_Human_herpesvirus_8,_complete_genome
virus210	NC_001802.1_Human_immunodeficiency_virus_1,_complete_genome
virus211	NC_001722.1_Human_immunodeficiency_virus_2,_complete_genome
virus212	NC_004148.2_Human_metapneumovirus,_complete_genome
virus213	NC_003461.1_Human_parainfluenza_virus_1,_complete_genome
virus214	NC_003443.1_Human_parainfluenza_virus_2,_complete_genome
virus215	NC_001796.2_Human_parainfluenza_virus_3,_complete_genome
virus216	NC_021928.1_Human_parainfluenza_virus_4a_viral_cRNA,_complete_genome,_strain:_M-25
virus217	NC_000883.2_Human_parvovirus_B19,_complete_genome
virus218	NC_007026.1_Human_picobirnavirus_RNA_segment_1,_complete_sequence
virus219	NC_007027.1_Human_picobirnavirus_RNA_segment_2,_complete_sequence
virus220	NC_001781.1_Human_respiratory_syncytial_virus,_complete_genome
virus221	NC_001490.1_Human_rhinovirus_14,_complete_genome
virus222	NC_001617.1_Human_rhinovirus_89,_complete_genome
virus223	NC_021545.1_Human_rotavirus_B_strain_Bang373_inner_capsid_protein_(VP2)_gene,_complete_cds
virus224	NC_021544.1_Human_rotavirus_B_strain_Bang373_inner_capsid_protein_(VP6)_gene,_complete_cds
virus225	NC_021548.1_Human_rotavirus_B_strain_Bang373_nonstructural_protein_(NSP2)_gene,_complete_cds
virus226	NC_021547.1_Human_rotavirus_B_strain_Bang373_nonstructural_protein_(NSP3)_gene,_complete_cds
virus227	NC_021550.1_Human_rotavirus_B_strain_Bang373_nonstructural_protein_(NSP4)_gene,_complete_cds
virus228	NC_021549.1_Human_rotavirus_B_strain_Bang373_nonstructural_protein_(NSP5)_gene,_complete_cds
virus229	NC_021546.1_Human_rotavirus_B_strain_Bang373_nonstructural_protein_1-1_(NSP1-1),_nonstructural_protein_1-2_(NSP1-2),_and_nonstructural_protein_1-3_(NSP1-3)_genes,_complete_cds
virus230	NC_021543.1_Human_rotavirus_B_strain_Bang373_outer_capsid_protein_(VP4)_gene,_complete_cds
virus231	NC_021542.1_Human_rotavirus_B_strain_Bang373_outer_capsid_protein_(VP7)_gene,_complete_cds
virus232	NC_021541.1_Human_rotavirus_B_strain_Bang373_RNA_dependent_RNA_polymerase_(VP1)_mRNA,_complete_cds
virus233	NC_021551.1_Human_rotavirus_B_strain_Bang373_VP3_(VP3)_mRNA,_complete_cds
virus234	NC_001436.1_Human_T-lymphotropic_virus_1,_complete_genome
virus235	NC_001488.1_Human_T-lymphotropic_virus_2,_complete_proviral_genome
virus236	NC_011800.1_Human_T-lymphotropic_virus_4,_complete_genome
virus237	NC_018629.1_Ikoma_lyssavirus,_complete_genome
virus238	NC_009028.2_Ilheus_virus,_complete_genome
virus239	NC_007357.1_Influenza_A_virus_(A/Goose/Guangdong/1/96(H5N1))_polymerase_(PB2)_gene,_complete_cds
virus240	NC_007359.1_Influenza_A_virus_(A/Goose/Guangdong/1/96(H5N1))_polymerase_(PA)_gene,_complete_cds
virus241	NC_007360.1_Influenza_A_virus_(A/Goose/Guangdong/1/96(H5N1))_nucleocapsid_protein_(NP)_gene,_complete_cds
virus242	NC_007364.1_Influenza_A_virus_(A/goose/Guangdong/1/1996(H5N1))_segment_8,_complete_sequence
virus243	NC_007358.1_Influenza_A_virus_(A/Goose/Guangdong/1/96(H5N1))_polymerase_(PB1)_gene,_complete_cds
virus244	NC_007362.1_Influenza_A_virus_(A/Goose/Guangdong/1/96(H5N1))_hemagglutinin_(HA)_gene,_complete_cds
virus245	NC_007361.1_Influenza_A_virus_(A/Goose/Guangdong/1/96(H5N1))_neuraminidase_(NA)_gene,_complete_cds
virus246	NC_007363.1_Influenza_A_virus_(A/goose/Guangdong/1/1996(H5N1))_segment_7,_complete_sequence
virus247	NC_004905.2_Influenza_A_virus_(A/Hong_Kong/1073/99(H9N2))_segment_5,_complete_sequence
virus248	NC_004910.1_Influenza_A_virus_pb2_gene_for_polymerase_Pb2,_genomic_RNA,_strain_A/Hong_Kong/1073/99(H9N2)
virus249	NC_004911.1_Influenza_A_virus_pb1_gene_for_polymerase_Pb1,_genomic_RNA,_strain_A/Hong_Kong/1073/99(H9N2)
virus250	NC_004912.1_Influenza_A_virus_pa_gene_for_polymerase_PA,_genomic_RNA,_strain_A/Hong_Kong/1073/99(H9N2)
virus251	NC_004908.1_Influenza_A_virus_ha_gene_for_Hemagglutinin,_genomic_RNA,_strain_A/Hong_Kong/1073/99(H9N2)
virus252	NC_004909.1_Influenza_A_virus_na_gene_for_neuraminidase,_genomic_RNA,_strain_A/Hong_Kong/1073/99(H9N2)
virus253	NC_004907.1_Influenza_A_virus_(A/Hong_Kong/1073/99(H9N2))_segment_7,_complete_sequence
virus254	NC_004906.1_Influenza_A_virus_(A/Hong_Kong/1073/99(H9N2))_segment_8,_complete_sequence
virus255	NC_007378.1_Influenza_A_virus_(A/Korea/426/1968(H2N2))_segment_1,_complete_sequence
virus256	NC_007375.1_Influenza_A_virus_(A/Korea/426/1968(H2N2))_segment_2,_complete_sequence
virus257	NC_007376.1_Influenza_A_virus_(A/Korea/426/1968(H2N2))_segment_3,_complete_sequence
virus258	NC_007374.1_Influenza_A_virus_(A/Korea/426/1968(H2N2))_segment_4,_complete_sequence
virus259	NC_007381.1_Influenza_A_virus_(A/Korea/426/1968(H2N2))_segment_5,_complete_sequence
virus260	NC_007382.1_Influenza_A_virus_(A/Korea/426/1968(H2N2))_segment_6,_complete_sequence
virus261	NC_007377.1_Influenza_A_virus_(A/Korea/426/1968(H2N2))_segment_7,_complete_sequence
virus262	NC_007380.1_Influenza_A_virus_(A/Korea/426/1968(H2N2))_segment_8,_complete_sequence
virus263	NC_007373.1_Influenza_A_virus_(A/New_York/392/2004(H3N2))_segment_1,_complete_sequence
virus264	NC_007372.1_Influenza_A_virus_(A/New_York/392/2004(H3N2))_segment_2,_complete_sequence
virus265	NC_007366.1_Influenza_A_virus_(A/New_York/392/2004(H3N2))_segment_4,_complete_sequence
virus266	NC_007369.1_Influenza_A_virus_(A/New_York/392/2004(H3N2))_segment_5,_complete_sequence
virus267	NC_007368.1_Influenza_A_virus_(A/New_York/392/2004(H3N2))_segment_6,_complete_sequence
virus268	NC_007367.1_Influenza_A_virus_(A/New_York/392/2004(H3N2))_segment_7,_complete_sequence
virus269	NC_007370.1_Influenza_A_virus_(A/New_York/392/2004(H3N2))_segment_8,_complete_sequence
virus270	NC_007371.1_Influenza_A_virus_(A/New_York/392/2004(H3N2))_segment_3,_complete_sequence
virus271	NC_002023.1_Influenza_A_virus_(A/Puerto_Rico/8/1934(H1N1))_segment_1,_complete_sequence
virus272	NC_002021.1_Influenza_A_virus_(A/Puerto_Rico/8/1934(H1N1))_segment_2,_complete_sequence
virus273	NC_002022.1_Influenza_A_virus_(A/Puerto_Rico/8/1934(H1N1))_ORF1,_genomic_RNA
virus274	NC_002017.1_Influenza_A_virus_(A/Puerto_Rico/8/1934(H1N1))_segment_4,_complete_sequence
virus275	NC_002019.1_Influenza_A_virus_(A/Puerto_Rico/8/1934(H1N1))_segment_5,_complete_sequence
virus276	NC_002018.1_Influenza_A_virus_(A/Puerto_Rico/8/1934(H1N1))_segment_6,_complete_sequence
virus277	NC_002016.1_Influenza_A_virus_(A/Puerto_Rico/8/1934(H1N1))_segment_7,_complete_sequence
virus278	NC_002020.1_Influenza_A_virus_(A/Puerto_Rico/8/1934(H1N1))_segment_8,_complete_sequence
virus279	NC_002207.1_Influenza_B_virus_(B/Lee/1940)_segment_4,_complete_sequence
virus280	NC_002208.1_Influenza_B_virus_(B/Lee/1940)_segment_5,_complete_sequence
virus281	NC_002209.1_Influenza_B_virus_(B/Lee/1940)_segment_6,_complete_sequence
virus282	NC_002210.1_Influenza_B_virus_(B/Lee/1940)_segment_7,_complete_sequence
virus283	NC_002211.1_Influenza_B_virus_(B/Lee/1940)_segment_8,_complete_sequence
virus284	NC_002205.1_Influenza_B_virus_(B/Lee/1940)_segment_2,_complete_sequence
virus285	NC_002206.1_Influenza_B_virus_(B/Lee/1940)_segment_3,_complete_sequence
virus286	NC_006307.1_Influenza_C_virus_(C/Ann_Arbor/1/50)_segment_1,_complete_sequence
virus287	NC_006308.1_Influenza_C_virus_(C/Ann_Arbor/1/50)_segment_2,_complete_sequence
virus288	NC_006309.1_Influenza_C_virus_(C/Ann_Arbor/1/50)_segment_3,_complete_sequence
virus289	NC_006310.1_Influenza_C_virus_(C/Ann_Arbor/1/50)_segment_4,_complete_sequence
virus290	NC_006311.1_Influenza_C_virus_(C/Ann_Arbor/1/50)_segment_5,_complete_sequence
virus291	NC_006312.1_Influenza_C_virus_(C/Ann_Arbor/1/50)_segment_6,_complete_sequence
virus292	NC_006306.2_Influenza_C_virus_(C/Ann_Arbor/1/50)_segment_7,_complete_sequence
virus293	NC_007906.1_Ippy_virus_segment_L,_complete_sequence
virus294	NC_007905.1_Ippy_virus_segment_S,_complete_sequence
virus295	NC_020809.1_Irkut_virus,_complete_genome
virus296	NC_007454.1_J-virus,_complete_genome
virus297	NC_001437.1_Japanese_encephalitis_virus,_genome
virus298	NC_001699.1_JC_polyomavirus,_complete_genome
virus299	NC_005080.1_Junin_virus_segment_L,_complete_genome
virus300	NC_005081.1_Junin_virus_segment_S,_complete_genome
virus301	NC_004210.1_Kadipiro_virus_chromosome_segment_1,_complete_genome
virus302	NC_004206.1_Kadipiro_virus_chromosome_segment_10,_complete_genome
virus303	NC_004199.1_Kadipiro_virus_chromosome_segment_12,_complete_genome
virus304	NC_004212.1_Kadipiro_virus_chromosome_segment_2,_complete_genome
virus305	NC_004213.1_Kadipiro_virus_chromosome_segment_3,_complete_genome
virus306	NC_004214.1_Kadipiro_virus_chromosome_segment_4,_complete_genome
virus307	NC_004215.1_Kadipiro_virus_chromosome_segment_5,_complete_genome
virus308	NC_004216.1_Kadipiro_virus_chromosome_segment_6,_complete_genome
virus309	NC_004208.1_Kadipiro_virus_chromosome_segment_8,_complete_genome
virus310	NC_004207.1_Kadipiro_virus_chromosome_segment_9,_complete_genome
virus311	NC_004205.1_Kadipiro_virus_segment_11,_complete_sequence
virus312	NC_004209.1_Kadipiro_virus_segment_7,_complete_genome
virus313	NC_005064.1_Kamiti_River_virus,_complete_genome
virus314	NC_006947.1_Karshi_virus,_complete_genome
virus315	NC_012533.1_Kedougou_virus,_complete_genome
virus316	NC_009238.1_KI_polyomavirus_Stockholm_60,_complete_genome
virus317	NC_009029.2_Kokobera_virus,_complete_genome
virus318	NC_004108.1_La_Crosse_virus_segment_L,_complete_genome
virus319	NC_004109.1_La_Crosse_virus_segment_M,_complete_genome
virus320	NC_004110.1_La_Crosse_virus_segment_S,_complete_genome
virus321	NC_020807.1_Lagos_bat_virus_isolate_0406SEN,_complete_genome
virus322	NC_001608.3_Marburg_marburgvirus_isolate_Marburg_virus/H.sapiens-tc/KEN/1980/Mt._Elgon-Musoke,_complete_genome
virus323	NC_003690.1_Langat_virus,_complete_genome
virus324	NC_004297.1_Lassa_virus_segment_L,_complete_sequence
virus325	NC_004296.1_Lassa_virus_segment_S,_complete_sequence
virus326	NC_010760.1_Latino_virus_segment_L,_complete_sequence
virus327	NC_010758.1_Latino_virus_segment_S,_complete_sequence
virus328	NC_007736.1_Liao_ning_virus_segment_1,_complete_genome
virus329	NC_007745.1_Liao_ning_virus_segment_10,_complete_genome
virus330	NC_007746.1_Liao_ning_virus_segment_11,_complete_genome
virus331	NC_007747.1_Liao_ning_virus_segment_12,_complete_genome
virus332	NC_007737.1_Liao_ning_virus_segment_2,_complete_genome
virus333	NC_007738.1_Liao_ning_virus_segment_3,_complete_genome
virus334	NC_007739.1_Liao_ning_virus_segment_4,_complete_genome
virus335	NC_007740.1_Liao_ning_virus_segment_5,_complete_genome
virus336	NC_007741.1_Liao_ning_virus_segment_6,_complete_genome
virus337	NC_007742.1_Liao_ning_virus_segment_7,_complete_genome
virus338	NC_007743.1_Liao_ning_virus_segment_8,_complete_genome
virus339	NC_007744.1_Liao_ning_virus_segment_9,_complete_genome
virus340	NC_016144.1_Lloviu_cuevavirus_isolate_Lloviu_virus/M.schreibersii-wt/ESP/2003/Asturias-Bat86,_complete_genome
virus341	NC_001809.1_Louping_ill_virus,_complete_genome
virus342	NC_012777.1_Lujo_virus_segment_L,_complete_genome
virus343	NC_012776.1_Lujo_virus_segment_S,_complete_genome
virus344	NC_016153.1_Luna_virus_segment_L,_complete_genome
virus345	NC_016152.1_Luna_virus_segment_S,_complete_genome
virus346	NC_018711.1_Lunk_virus_NKS-1_segment_L,_complete_genome
virus347	NC_018710.1_Lunk_virus_NKS-1_segment_S,_complete_genome
virus348	NC_004291.1_Lymphocytic_choriomeningitis_virus_segment_L,_complete_sequence
virus349	NC_004294.1_Lymphocytic_choriomeningitis_virus_segment_S,_complete_sequence
virus350	NC_015691.1_Macaca_fascicularis_papillomavirus_type_2,_complete_genome
virus351	NC_005079.1_Machupo_virus_segment_L,_complete_genome
virus352	NC_005078.1_Machupo_virus_segment_S,_complete_genome
virus353	NC_009489.1_Mapuera_virus,_complete_genome
virus354	NC_003417.1_Mayaro_virus,_complete_genome
virus355	NC_001498.1_Measles_virus,_complete_genome
virus356	NC_007620.1_Menangle_virus,_complete_genome
virus357	NC_010277.1_Merkel_cell_polyomavirus,_complete_genome
virus358	NC_007904.1_Mobala_virus_segment_L,_complete_sequence
virus359	NC_007903.1_Mobala_virus_segment_S,_complete_sequence
virus360	NC_003635.1_Modoc_virus,_complete_genome
virus361	NC_006429.1_Mokola_virus,_complete_genome
virus362	NC_001501.1_Moloney_murine_leukemia_virus,_complete_genome
virus363	NC_004119.1_Montana_myotis_leukoencephalitis_virus,_complete_genome
virus364	NC_006572.1_Mopeia_Lassa_reassortant_29_segment_L,_complete_genome
virus365	NC_006573.1_Mopeia_Lassa_reassortant_29_segment_S,_complete_genome
virus366	NC_006574.1_Mopeia_virus_AN20410_segment_L,_complete_genome
virus367	NC_006575.1_Mopeia_virus_AN20410_segment_S,_complete_genome
virus368	NC_013058.1_Morogoro_virus_segment_L,_complete_genome
virus369	NC_013057.1_Morogoro_virus_segment_S,_complete_genome
virus370	NC_021069.1_Mosquito_flavivirus_isolate_LSFlaviV-A20-09,_complete_genome
virus371	NC_005339.1_Mossman_virus,_complete_genome
virus372	NC_001503.1_Mouse_mammary_tumor_virus,_complete_genome
virus373	NC_002200.1_Mumps_virus,_complete_genome
virus374	NC_001702.1_Murine_type_C_retrovirus,_complete_genome
virus375	NC_000943.1_Murray_Valley_encephalitis_virus,_complete_genome
virus376	NC_017937.1_Nariva_virus,_complete_genome
virus377	NC_002617.1_Newcastle_disease_virus_B1,_complete_genome
virus378	NC_002728.1_Nipah_virus,_complete_genome
virus379	NC_001959.2_Norovirus_GI,_complete_genome
virus380	NC_018705.3_Ntaya_virus_isolate_IPDIA,_complete_genome
virus381	NC_001512.1_O'nyong-nyong_virus,_complete_genome
virus382	NC_010250.1_Oliveros_virus_segment_L,_complete_sequence
virus383	NC_010248.1_Oliveros_virus_segment_S,_complete_sequence
virus384	NC_005062.1_Omsk_hemorrhagic_fever_virus,_complete_genome
virus385	NC_005776.1_Oropouche_virus_segment_L,_complete_genome
virus386	NC_005775.1_Oropouche_virus_segment_M,_complete_sequence
virus387	NC_005777.1_Oropouche_virus_segment_S,_complete_genome
virus388	NC_006430.1_Parainfluenza_virus_5,_complete_genome
virus389	NC_010761.1_Parana_virus_segment_L,_complete_sequence
virus390	NC_010756.1_Parana_virus_segment_S_(small),_complete_genome
virus391	NC_006383.2_Peste_des_petits_ruminants_virus_complete_genome
virus392	NC_006447.1_Pichinde_virus,_complete_genome
virus393	NC_006439.1_Pichinde_virus_L_RNA,_complete_genome
virus394	NC_005897.1_Pirital_virus_segment_L,_complete_genome
virus395	NC_005894.1_Pirital_virus_segment_S,_complete_sequence
virus396	NC_006579.1_Pneumonia_virus_of_mice_J3666,_complete_genome
virus397	NC_002058.3_Poliovirus,_complete_genome
virus398	NC_000940.1_Porcine_enteric_sapovirus,_complete_genome
virus399	NC_009640.1_Porcine_rubulavirus,_complete_genome
virus400	NC_003687.1_Powassan_virus,_complete_genome
virus401	NC_005225.1_Puumala_virus_segment_L,_complete_genome
virus402	NC_005223.1_Puumala_virus_segment_M,_complete_sequence
virus403	NC_005224.1_Puumala_virus_segment_S,_complete_sequence
virus404	NC_012671.1_Quang_Binh_virus,_complete_genome
virus405	NC_001542.1_Rabies_virus,_complete_genome
virus406	NC_001819.1_Rauscher_murine_leukemia_virus,_complete_genome
virus407	NC_022630.1_Razdan_virus_strain_LEIV-Arm2741_segment_L,_complete_sequence
virus408	NC_022631.1_Razdan_virus_strain_LEIV-Arm2741_segment_M,_complete_sequence
virus409	NC_022632.1_Razdan_virus_strain_LEIV-Arm2741_segment_S,_complete_sequence
virus410	NC_001803.1_Respiratory_syncytial_virus,_complete_genome
virus411	NC_004161.1_Reston_ebolavirus_isolate_Reston_virus/M.fascicularis-tc/USA/1989/Philippines89-Pennsylvania,_complete_genome
virus412	NC_014397.1_Rift_Valley_fever_virus_segment_L,_complete_genome
virus413	NC_014396.1_Rift_Valley_fever_virus_segment_M,_complete_genome
virus414	NC_014395.1_Rift_Valley_fever_virus_segment_S,_complete_genome
virus415	NC_006296.2_Rinderpest_virus_(strain_Kabete_O),_complete_genome
virus416	NC_003675.1_Rio_Bravo_virus,_genome
virus417	NC_021153.1_Rodent_hepacivirus_isolate_RHV-339,_complete_genome
virus418	NC_001544.1_Ross_River_virus,_complete_genome
virus419	NC_011507.2_Rotavirus_A_segment_1,_complete_genome
virus420	NC_011504.2_Rotavirus_A_segment_10,_complete_genome
virus421	NC_011505.2_Rotavirus_A_segment_11,_complete_genome
virus422	NC_011506.2_Rotavirus_A_segment_2,_complete_genome
virus423	NC_011508.2_Rotavirus_A_segment_3,_complete_genome
virus424	NC_011510.2_Rotavirus_A_segment_4,_complete_genome
virus425	NC_011500.2_Rotavirus_A_segment_5,_complete_genome
virus426	NC_011509.2_Rotavirus_A_segment_6,_complete_genome
virus427	NC_011501.2_Rotavirus_A_segment_7,_complete_genome
virus428	NC_011502.2_Rotavirus_A_segment_8,_complete_genome
virus429	NC_011503.2_Rotavirus_A_segment_9,_complete_genome
virus430	NC_007547.1_Rotavirus_C_segment_1,_complete_sequence
virus431	NC_007569.1_Rotavirus_C_segment_10,_complete_sequence
virus432	NC_007573.1_Rotavirus_C_segment_11,_complete_sequence
virus433	NC_007546.1_Rotavirus_C_segment_2,_complete_sequence
virus434	NC_007572.1_Rotavirus_C_segment_3,_complete_sequence
virus435	NC_007574.1_Rotavirus_C_segment_4,_complete_sequence
virus436	NC_007570.1_Rotavirus_C_segment_5,_complete_sequence
virus437	NC_007543.1_Rotavirus_C_segment_6,_complete_sequence
virus438	NC_007544.1_Rotavirus_C_segment_7,_complete_sequence
virus439	NC_007571.1_Rotavirus_C_segment_8,_complete_sequence
virus440	NC_007545.1_Rotavirus_C_segment_9,_complete_sequence
virus441	NC_021625.1_Rotavirus_F_chicken/03V0568/DEU/2003_segment_1,_complete_sequence
virus442	NC_021629.1_Rotavirus_F_chicken/03V0568/DEU/2003_segment_10,_complete_sequence
virus443	NC_021634.1_Rotavirus_F_chicken/03V0568/DEU/2003_segment_11,_complete_sequence
virus444	NC_021626.1_Rotavirus_F_chicken/03V0568/DEU/2003_segment_2,_complete_sequence
virus445	NC_021631.1_Rotavirus_F_chicken/03V0568/DEU/2003_segment_3,_complete_sequence
virus446	NC_021630.1_Rotavirus_F_chicken/03V0568/DEU/2003_segment_4,_complete_sequence
virus447	NC_021632.1_Rotavirus_F_chicken/03V0568/DEU/2003_segment_5,_complete_sequence
virus448	NC_021635.1_Rotavirus_F_chicken/03V0568/DEU/2003_segment_6,_complete_sequence
virus449	NC_021633.1_Rotavirus_F_chicken/03V0568/DEU/2003_segment_7,_complete_sequence
virus450	NC_021628.1_Rotavirus_F_chicken/03V0568/DEU/2003_segment_8,_complete_sequence
virus451	NC_021627.1_Rotavirus_F_chicken/03V0568/DEU/2003_segment_9,_complete_sequence
virus452	NC_021590.1_Rotavirus_G_chicken/03V0567/DEU/2003_segment_1,_complete_sequence
virus453	NC_021586.1_Rotavirus_G_chicken/03V0567/DEU/2003_segment_10,_complete_sequence
virus454	NC_021587.1_Rotavirus_G_chicken/03V0567/DEU/2003_segment_11,_complete_sequence
virus455	NC_021580.1_Rotavirus_G_chicken/03V0567/DEU/2003_segment_2,_complete_sequence
virus456	NC_021581.1_Rotavirus_G_chicken/03V0567/DEU/2003_segment_3,_complete_sequence
virus457	NC_021589.1_Rotavirus_G_chicken/03V0567/DEU/2003_segment_4,_complete_sequence
virus458	NC_021583.1_Rotavirus_G_chicken/03V0567/DEU/2003_segment_5,_complete_sequence
virus459	NC_021588.1_Rotavirus_G_chicken/03V0567/DEU/2003_segment_6,_complete_sequence
virus460	NC_021585.1_Rotavirus_G_chicken/03V0567/DEU/2003_segment_7,_complete_sequence
virus461	NC_021584.1_Rotavirus_G_chicken/03V0567/DEU/2003_segment_8,_complete_sequence
virus462	NC_021582.1_Rotavirus_G_chicken/03V0567/DEU/2003_segment_9,_complete_sequence
virus463	NC_001545.2_Rubella_virus,_complete_genome
virus464	NC_006317.1_Sabia_virus,_complete_genome
virus465	NC_006313.1_Sabia_virus_segment_L,_complete_genome
virus466	NC_015412.1_Sandfly_Sicilian_Turkey_virus_segment_L,_complete_genome
virus467	NC_015411.1_Sandfly_Sicilian_Turkey_virus_segment_M,_complete_genome
virus468	NC_015413.1_Sandfly_Sicilian_Turkey_virus_segment_S,_complete_genome
virus469	NC_006554.1_Sapovirus_C12_strain_C12
virus470	NC_006269.1_Sapovirus_Hu/Dresden/pJG-Sap01/DE,_complete_genome
virus471	NC_010624.1_Sapovirus_Mc10,_complete_genome
virus472	NC_004718.3_SARS_coronavirus,_complete_genome
virus473	NC_018466.1_Sathuperi_virus_Gn-Gc-NSm_gene_for_M_polyprotein,_segment_M,_genomic_RNA
virus474	NC_018462.1_Sathuperi_virus_N_and_NSs_genes,_segment_S,_genomic_RNA
virus475	NC_018461.1_Sathuperi_virus_RdRp_gene_for_RNA-dependent_RNA_polymerase,_segment_L,_genomic_RNA
virus476	NC_015212.1_Seal_anellovirus_TFFN/USA/2006,_complete_genome
virus477	NC_001552.1_Sendai_virus_genomic_RNA,_antisense,_complete_sequence
virus478	NC_005237.1_Seoul_virus_segment_M,_complete_sequence
virus479	NC_005236.1_Seoul_virus_strain_80-39_segment_S,_complete_sequence
virus480	NC_005238.1_Seoul_virus_strain_Seoul_80-39_clone_1
virus481	NC_008719.1_Sepik_virus,_complete_genome
virus482	NC_018136.1_SFTS_virus_HB29_segment_L,_complete_genome
virus483	NC_018138.1_SFTS_virus_HB29_segment_M,_complete_genome
virus484	NC_018137.1_SFTS_virus_HB29_segment_S,_complete_genome
virus485	NC_018467.1_Shamonda_virus_Gn-Gc-NSm_gene_for_M_polyprotein,_segment_M,_genomic_RNA,_isolate_Ib_An_5550
virus486	NC_018464.1_Shamonda_virus_N_and_NSs_genes,_segment_S,_genomic_RNA,_isolate_Ib_An_5550
virus487	NC_018463.1_Shamonda_virus_RdRp_gene_for_RNA-dependent_RNA_polymerase,_segment_L,_genomic_RNA,_isolate_Ib_An_5550
virus488	NC_018478.1_Simbu_virus_Gn-Gc-NSm_gene_for_M_polyprotein,_segment_M,_genomic_RNA,_isolate_SA_Ar_53
virus489	NC_018477.1_Simbu_virus_N_and_NSs_genes,_segment_S,_genomic_RNA,_isolate_SA_Ar_53
virus490	NC_018476.1_Simbu_virus_RdRp_gene_for_RNA-dependent_RNA_polymerase,_segment_L,_genomic_RNA,_isolate_SA_Ar_53
virus491	NC_001669.1_Simian_virus_40,_complete_genome
virus492	NC_006428.1_Simian_virus_41,_complete_genome
virus493	NC_005217.1_Sin_Nombre_virus_map_viral_genome_L_segment
virus494	NC_005215.1_Sin_Nombre_virus_segment_M,_complete_genome
virus495	NC_005216.1_Sin_Nombre_virus_segment_S,_complete_sequence
virus496	NC_007013.1_Small_anellovirus_1,_complete_genome
virus497	NC_007014.1_Small_anellovirus_2,_complete_genome
virus498	NC_007580.2_St._Louis_encephalitis_virus,_complete_genome
virus499	NC_006432.1_Sudan_ebolavirus_isolate_Sudan_virus/H.sapiens-tc/UGA/2000/Gulu-808892,_complete_genome
virus500	NC_004292.1_Tacaribe_virus_segment_L,_complete_sequence
virus501	NC_004293.1_Tacaribe_virus_segment_S,_complete_sequence
virus502	NC_003996.1_Tamana_bat_virus,_genome
virus503	NC_010702.1_Tamiami_virus_segment_L,_complete_sequence
virus504	NC_010701.1_Tamiami_virus_segment_S_(small),_complete_genome
virus505	NC_015843.2_Tembusu_virus_strain_JS804,_complete_genome
virus506	NC_006495.1_Thogoto_virus_segment_2,_complete_sequence
virus507	NC_006496.1_Thogoto_virus_segment_3,_complete_sequence
virus508	NC_006506.1_Thogoto_virus_segment_4,_complete_sequence
virus509	NC_006508.1_Thogoto_virus_segment_1,_complete_sequence
virus510	NC_006507.1_Thogoto_virus_segment_5,_complete_sequence
virus511	NC_006504.1_Thogoto_virus_segment_6,_complete_sequence
virus512	NC_010707.1_Thottapalayam_virus_segment_L,_complete_sequence
virus513	NC_010708.1_Thottapalayam_virus_segment_M,_complete_sequence
virus514	NC_010704.1_Thottapalayam_virus_segment_S,_complete_sequence
virus515	NC_001672.1_Tick-borne_encephalitis_virus,cds_NP_043135.1,location=133..10377
virus516	NC_004074.1_Tioman_virus,_complete_genome
virus517	NC_014071.1_Torque_teno_canis_virus,_complete_genome
virus518	NC_014087.1_Torque_teno_douroucouli_virus,_complete_genome
virus519	NC_014072.1_Torque_teno_felis_virus,_complete_genome
virus520	NC_009225.1_Torque_teno_midi_virus_1,_complete_genome
virus521	NC_014093.1_Torque_teno_midi_virus_2,_complete_genome
virus522	NC_014097.1_Torque_teno_mini_virus_1,_complete_genome
virus523	NC_014086.1_Torque_teno_mini_virus_2,_complete_genome
virus524	NC_014088.1_Torque_teno_mini_virus_3,_complete_genome
virus525	NC_014090.1_Torque_teno_mini_virus_4,_complete_genome
virus526	NC_014089.1_Torque_teno_mini_virus_5,_complete_genome
virus527	NC_014095.1_Torque_teno_mini_virus_6,_complete_genome
virus528	NC_014082.1_Torque_teno_mini_virus_7,_complete_genome
virus529	NC_014068.1_Torque_teno_mini_virus_8,_complete_genome
virus530	NC_002195.1_Torque_teno_mini_virus_9,_complete_genome
virus531	NC_014070.1_Torque_teno_sus_virus_1a,_complete_genome
virus532	NC_014092.2_Torque_teno_sus_virus_k2_isolate_2p,_complete_genome
virus533	NC_014085.1_Torque_teno_tamarin_virus,_complete_genome
virus534	NC_015783.1_Torque_teno_virus,_complete_genome
virus535	NC_002076.2_Torque_teno_virus_1,_complete_genome
virus536	NC_014076.1_Torque_teno_virus_10,_complete_genome
virus537	NC_014075.1_Torque_teno_virus_12,_complete_genome
virus538	NC_014077.1_Torque_teno_virus_14,_complete_genome
virus539	NC_014096.1_Torque_teno_virus_15,_complete_genome
virus540	NC_014091.1_Torque_teno_virus_16,_complete_genome
virus541	NC_014078.1_Torque_teno_virus_19,_complete_genome
virus542	NC_014480.2_Torque_teno_virus_2,_complete_genome
virus543	NC_014083.1_Torque_teno_virus_25,_complete_genome
virus544	NC_014079.1_Torque_teno_virus_26,_complete_genome
virus545	NC_014074.1_Torque_teno_virus_27,_complete_genome
virus546	NC_014073.1_Torque_teno_virus_28,_complete_genome
virus547	NC_014081.1_Torque_teno_virus_3,_complete_genome
virus548	NC_014069.1_Torque_teno_virus_4,_complete_genome
virus549	NC_014094.1_Torque_teno_virus_6,_complete_genome
virus550	NC_014080.1_Torque_teno_virus_7,_complete_genome
virus551	NC_014084.1_Torque_teno_virus_8,_complete_genome
virus552	NC_006319.1_Toscana_virus_segment_L,_complete_sequence
virus553	NC_006320.1_Toscana_virus_segment_M,_complete_sequence
virus554	NC_006318.1_Toscana_virus_segment_S,_complete_sequence
virus555	NC_020498.1_TTV-like_mini_virus_isolate_TTMV_LY1,_complete_genome
virus556	NC_005226.1_Tula_virus_segment_L,_complete_sequence
virus557	NC_005228.1_Tula_virus_segment_M,_complete_sequence
virus558	NC_005227.2_Tula_virus_segment_S,_complete_genome
virus559	NC_002199.1_Tupaia_paramyxovirus,_complete_genome
virus560	NC_006551.1_Usutu_virus,_complete_genome
virus561	NC_005221.1_Uukuniemi_virus,_complete_genome
virus562	NC_005220.1_Uukuniemi_virus_chromosome_segment_M,_complete_genome
virus563	NC_005214.1_Uukuniemi_virus_segment_L,_complete_sequence
virus564	NC_006998.1_Vaccinia_virus,_complete_genome
virus565	NC_001611.1_Variola_virus,_complete_genome
virus566	NC_001560.1_Vesicular_stomatitis_Indiana_virus,_complete_genome
virus567	NC_012735.1_Wesselsbron_virus,_complete_genome
virus568	NC_001563.2_West_Nile_virus_lineage_2,_complete_genome
virus569	NC_009942.1_West_Nile_virus_lineage_1,_complete_genome
virus570	NC_010703.1_Whitewater_Arroyo_virus_segment_L,_complete_sequence
virus571	NC_010700.1_Whitewater_Arroyo_virus_segment_S,_complete_sequence
virus572	NC_009539.1_WU_Polyomavirus,_complete_genome
virus573	NC_002031.1_Yellow_fever_virus,_complete_genome
virus574	NC_005039.1_Yokose_virus,_complete_genome
virus575	NC_012532.1_Zika_virus,_complete_genome
virus576	AF221065.1_DG-75_Murine_leukemia_virus,_complete_genome
virus577	U13766.1_Murine_leukemia_virus_MCF1233,_complete_genome
virus578	HQ246218.1_Murine_leukemia_virus_N417,_complete_genome
virus579	DQ399707.1_Xenotropic_MuLV-related_virus_VP62,_complete_genome
virus580	gi|60965|lcl|BPV1REF.1|_Bos_taurus_Papillomavirus_1_(BPV1),_complete_genome
virus581	gi|60966|lcl|HPV1REF.1|_Human_papillomavirus_1_(HPV1),_complete_genome
virus582	gi|9626032|lcl|HPV2REF.1|_Human_papillomavirus_2_(HPV2),_complete_genome
virus583	gi|397005|lcl|HPV3REF.1|_Human_papillomavirus_3_(HPV3),_complete_genome
virus584	gi|9626597|lcl|HPV4REF.1|_Human_papillomavirus_4_(HPV4),_complete_genome
virus585	gi|333071|lcl|HPV5REF.1|_Human_Papillomavirus_5_(HPV5),_complete_genome
virus586	gi|60955|lcl|HPV6REF.1|_Human_papillomavirus_6_(HPV6),_complete_genome
virus587	gi|9627389|lcl|HPV7REF.1|_Human_papillomavirus_7_(HPV7),_complete_genome
virus588	gi|333074|lcl|HPV8REF.1|_Human_papillomavirus_8_(HPV8),_complete_genome
virus589	gi|9627396|lcl|HPV9REF.1|_Human_papillomavirus_9_(HPV9),_complete_genome
virus590	gi|9627257|lcl|HPV10REF.1|_Human_papillomavirus_10_(HPV10),_complete_genome
virus591	gi|333026|lcl|HPV11REF.1|_Human_papillomavirus_11_(HPV11),_complete_genome
virus592	gi|396910|lcl|HPV12REF.1|_Human_papillomavirus_12_(HPV12),_complete_genome
virus593	gi|60295|lcl|HPV13REF.1|_Human_papillomavirus_13_(HPV13),_complete_genome
virus594	gi|396918|lcl|HPV14REF.1|_Human_papillomavirus_14_(HPV14),_complete_genome
virus595	gi|396924|lcl|HPV15REF.1|_Human_papillomavirus_15_(HPV15),_complete_genome
virus596	gi|333031|lcl|HPV16REF.1|_Human_papillomavirus_16_(HPV16),_complete_genome
virus597	gi|396932|lcl|HPV17REF.1|_Human_papillomavirus_17_(HPV17),_complete_genome
virus598	gi|60975|lcl|HPV18REF.1|_Human_papillomavirus_18_(HPV18),_complete_genome
virus599	gi|396940|lcl|HPV19REF.1|_Human_papillomavirus_19_(HPV19),_complete_genome
virus600	gi|1020162|lcl|HPV20REF.1|_Human_papillomavirus_20_(HPV20),_complete_genome
virus601	gi|1020170|lcl|HPV21REF.1|_Human_papillomavirus_21_(HPV21),_complete_genome
virus602	gi|1020178|lcl|HPV22REF.1|_Human_papillomavirus_22_(HPV22),_complete_genome
virus603	gi|1020186|lcl|HPV23REF.1|_Human_papillomavirus_23_(HPV23),_complete_genome
virus604	gi|9628486|lcl|HPV24REF.1|_Human_papillomavirus_24_(HPV24),_complete_genome
virus605	gi|396948|lcl|HPV25REF.1|_Human_papillomavirus_25_(HPV25),_complete_genome
virus606	gi|9627305|lcl|HPV26REF.1|_Human_papillomavirus_26_(HPV26),_complete_genome
virus607	gi|396964|lcl|HPV27REF.1|_Human_papillomavirus_27_(HPV27),_complete_genome
virus608	gi|1020202|lcl|HPV28REF.1|_Human_papillomavirus_28_(HPV28),_complete_genome
virus609	gi|1020210|lcl|HPV29REF.1|_Human_papillomavirus_29_(HPV29),_complete_genome
virus610	gi|396973|lcl|HPV30REF.1|_Human_papillomavirus_30_(HPV30),_complete_genome
virus611	gi|333048|lcl|HPV31REF.1|_Human_papillomavirus_31_(HPV31),_complete_genome
virus612	gi|9627327|lcl|HPV32REF.1|_Human_papillomavirus_32_(HPV32),_complete_genome
virus613	gi|333049|lcl|HPV33REF.1|_Human_papillomavirus_33_(HPV33),_complete_genome
virus614	gi|9627334|lcl|HPV34REF.1|_Human_papillomavirus_34_(HPV34),_complete_genome
virus615	gi|396997|lcl|HPV35REF.1|_Human_papillomavirus_35_(HPV35),_complete_genome
virus616	gi|1020218|lcl|HPV36REF.1|_Human_papillomavirus_36_(HPV36),_complete_genome
virus617	gi|1020226|lcl|HPV37REF.1|_Human_papillomavirus_37_(HPV37),_complete_genome
virus618	gi|1020234|lcl|HPV38REF.1|_Human_papillomavirus_38_(HPV38),_complete_genome
virus619	gi|333245|lcl|HPV39REF.1|_Human_papillomavirus_39_(HPV39),_complete_genome
virus620	gi|397014|lcl|HPV40REF.1|_Human_papillomavirus_40_(HPV40),_complete_genome
virus621	gi|9626041|lcl|HPV41REF.1|_Human_papillomavirus_41_(HPV41),_complete_genome
virus622	gi|333211|lcl|HPV42REF.1|_Human_papillomavirus_42_(HPV42),_complete_genome
virus623	gi|40804474|lcl|HPV43REF.1|_Human_papillomavirus_43_(HPV43),_complete_genome
virus624	gi|1020242|lcl|HPV44REF.1|_Human_papillomavirus_44_(HPV44),_complete_genome
virus625	gi|397022|lcl|HPV45REF.1|_Human_papillomavirus_45_(HPV45),_complete_genome
virus626	gi|333062|lcl|HPV47REF.1|_Human_papillomavirus_47_(HPV47),_complete_genome
virus627	gi|9628542|lcl|HPV48REF.1|_Human_papillomavirus_48_(HPV48),_complete_genome
virus628	gi|9627363|lcl|HPV49REF.1|_Human_papillomavirus_49_(HPV49),_complete_genome
virus629	gi|9628550|lcl|HPV50REF.1|_Human_papillomavirus_50_(HPV50),_complete_genome
virus630	gi|333087|lcl|HPV51REF.1|_Human_papillomavirus_51_(HPV51),_complete_genome
virus631	gi|397038|lcl|HPV52REF.1|_Human_papillomavirus_52_(HPV52),_complete_genome
virus632	gi|9627377|lcl|HPV53REF.1|_Human_papillomavirus_53_(HPV53),_complete_genome
virus633	gi|9628437|lcl|HPV54REF.1|_Human_papillomavirus_54_(HPV54),_complete_genome
virus634	gi|397053|lcl|HPV56REF.1|_Human_papillomavirus_56_(HPV56),_complete_genome
virus635	gi|60882|lcl|HPV57REF.1|_Human_papillomavirus_57_(HPV57),_complete_genome
virus636	gi|222386|lcl|HPV58REF.1|_Human_papillomavirus_58_(HPV58),_complete_genome
virus637	gi|557236|lcl|HPV59REF.1|_Human_papillomavirus_59_(HPV59),_complete_genome
virus638	gi|9628566|lcl|HPV60REF.1|_Human_papillomavirus_60_(HPV60),_complete_genome
virus639	gi|9628574|lcl|HPV61REF.1|_Human_papillomavirus_61_(HPV61),_complete_genome
virus640	gi|39932599|lcl|HPV62REF.1|_Human_papillomavirus_62_(HPV62),_complete_genome
virus641	gi|9626605|lcl|HPV63REF.1|_Human_papillomavirus_63_(HPV63),_complete_genome
virus642	gi|312100|lcl|HPV65REF.1|_Human_papillomavirus_65_(HPV65),_complete_genome
virus643	gi|1020290|lcl|HPV66REF.1|_Human_papillomavirus_66_(HPV66),_complete_genome
virus644	gi|3228267|lcl|HPV67REF.1|_Human_papillomavirus_67_(HPV67),_complete_genome
virus645	gi|71726685|lcl|HPV68REF.1|_Human_papillomavirus_68_(HPV68),_complete_genome
virus646	gi|6970418|lcl|HPV69REF.1|_Human_papillomavirus_69_(HPV69),_complete_genome
virus647	gi|1173493|lcl|HPV70REF.1|_Human_papillomavirus_70_(HPV70),_complete_genome
virus648	gi|12084981|lcl|HPV71REF.1|_Human_papillomavirus_71_(HPV71),_complete_genome
virus649	gi|1491683|lcl|HPV72REF.1|_Human_papillomavirus_72_(HPV72),_complete_genome
virus650	gi|1491692|lcl|HPV73REF.1|_Human_papillomavirus_73_(HPV73),_complete_genome
virus651	gi|27462483|lcl|HPV74REF.1|_Human_papillomavirus_74_(HPV74),_complete_genome
virus652	gi|2911544|lcl|HPV75REF.1|_Human_papillomavirus_75_(HPV75),_complete_genome
virus653	gi|2911551|lcl|HPV76REF.1|_Human_papillomavirus_76_(HPV76),_complete_genome
virus654	gi|2911558|lcl|HPV77REF.1|_Human_papillomavirus_77_(HPV77),_complete_genome
virus655	gi|444303709|lcl|HPV78REF.1|_Human_papillomavirus_78_(HPV78),_complete_genome
virus656	gi|2911565|lcl|HPV80REF.1|_Human_papillomavirus_80_(HPV80),_complete_genome
virus657	gi|40804509|lcl|HPV81REF.1|_Human_papillomavirus_81_(HPV81),_complete_genome
virus658	gi|6970427|lcl|HPV82REF.1|_Human_papillomavirus_82_(HPV82),_complete_genome
virus659	gi|5059324|lcl|HPV83REF.1|_Human_papillomavirus_83_(HPV83),_complete_genome
virus660	gi|12958167|lcl|HPV84REF.1|_Human_papillomavirus_84_(HPV84),_complete_genome
virus661	gi|4574720|lcl|HPV85REF.1|_Human_papillomavirus_85_(HPV85),_complete_genome
virus662	gi|15741127|lcl|HPV86REF.1|_Human_papillomavirus_86_(HPV86),_complete_genome
virus663	gi|14475578|lcl|HPV87REF.2|_Human_papillomavirus_87_(HPV87),_complete_genome
virus664	gi|167600365|lcl|HPV88REF.1|_Human_papillomavirus_88_(HPV88),_complete_genome
virus665	gi|22095322|lcl|HPV89REF.1|_Human_papillomavirus_89_(HPV89),_complete_genome
virus666	gi|22138122|lcl|HPV90REF.1|_Human_papillomavirus_90_(HPV90),_complete_genome
virus667	gi|22023568|lcl|HPV91REF.1|_Human_papillomavirus_91_(HPV91),_complete_genome
virus668	gi|27531786|lcl|HPV92REF.1|_Human_papillomavirus_92_(HPV92),_complete_genome
virus669	gi|37089393|lcl|HPV93REF.1|_Human_papillomavirus_93_(HPV93),_complete_genome
virus670	gi|40804528|lcl|HPV94REF.1|_Human_papillomavirus_94_(HPV94),_complete_genome
virus671	gi|40804520|lcl|HPV95REF.1|_Human_papillomavirus_95_(HPV95),_complete_genome
virus672	gi|50253426|lcl|HPV96REF.2|_Human_papillomavirus_96_(HPV96),_complete_genome
virus673	gi|71726694|lcl|HPV97REF.1|_Human_papillomavirus_97_(HPV97),_complete_genome
virus674	gi|262118181|lcl|HPV98REF.2|_Human_papillomavirus_98_(HPV98),_complete_genome
virus675	gi|238801701|lcl|HPV99REF.1|_Human_papillomavirus_99_(HPV99),_complete_genome
virus676	gi|238801708|lcl|HPV100REF.1|_Human_papillomavirus_100_(HPV100),_complete_genome
virus677	gi|109390389|lcl|HPV101REF.1|_Human_papillomavirus_101_(HPV101),_complete_genome
virus678	gi|71726718|lcl|HPV102REF.1|_Human_papillomavirus_102_(HPV102),_complete_genome
virus679	gi|109390382|lcl|HPV103REF.1|_Human_papillomavirus_103_(HPV103),_complete_genome
virus680	gi|238801872|lcl|HPV104REF.1|_Human_papillomavirus_104_(HPV104),_complete_genome
virus681	gi|238801716|lcl|HPV105REF.1|_Human_papillomavirus_105_(HPV105),_complete_genome
virus682	gi|71726710|lcl|HPV106REF.1|_Human_papillomavirus_106_(HPV106),_complete_genome
virus683	gi|126131393|lcl|HPV107REF.1|_Human_papillomavirus_107_(HPV107),_complete_genome
virus684	gi|224983322|lcl|HPV108REF.1|_Human_Papillomavirus_108_(HPV108),_complete_genome
virus685	gi|225927560|lcl|HPV109REF.1|_Human_papillomavirus_109_(HPV109),_complete_genome
virus686	gi|186461194|lcl|HPV110REF.1|_Human_papillomavirus_110_(HPV110),_complete_genome
virus687	gi|186461202|lcl|HPV111REF.1|_Human_papillomavirus_111_(HPV111),_complete_genome
virus688	gi|225927568|lcl|HPV112REF.1|_Human_papillomavirus_112_(HPV112),_complete_genome
virus689	gi|238801723|lcl|HPV113REF.1|_Human_papillomavirus_113_(HPV113),_complete_genome
virus690	gi|294187589|lcl|HPV114REF.1|_Human_papillomavirus_114_(HPV114),_complete_genome
virus691	gi|270358560|lcl|HPV115REF.1|_Human_papillomavirus_115_(HPV115),_complete_genome
virus692	gi|254810663|lcl|HPV116REF.1|_Human_papillomavirus_116_(HPV116),_complete_genome
virus693	gi|256807724|lcl|HPV117REF.1|_Human_papillomavirus_117_(HPV117),_complete_genome
virus694	gi|256807731|lcl|HPV118REF.1|_Human_papillomavirus_118_(HPV118),_complete_genome
virus695	gi|296495828|lcl|HPV119REF.1|_Human_papillomavirus_119_(HPV119),_complete_genome
virus696	gi|296495836|lcl|HPV120REF.1|_Human_papillomavirus_120_(HPV120),_complete_genome
virus697	gi|297342356|lcl|HPV121REF.1|_Human_papillomavirus_121_(HPV121),_complete_genome
virus698	gi|296495852|lcl|HPV122REF.1|_Human_papillomavirus_122_(HPV122),_complete_genome
virus699	gi|296495860|lcl|HPV123REF.1|_Human_papillomavirus_123_(HPV123),_complete_genome
virus700	gi|296495868|lcl|HPV124REF.1|_Human_papillomavirus_124_(HPV124),_complete_genome
virus701	gi|339639364|lcl|HPV125REF.2|_Human_papillomavirus_125_(HPV125),_complete_genome
virus702	gi|358356460|lcl|HPV126REF.1|_Human_papillomavirus_126_(HPV126),_complete_genome
virus703	gi|304522114|lcl|HPV127REF.1|_Human_papillomavirus_127_(HPV127),_complete_genome
virus704	gi|319976684|lcl|HPV128REF.1|_Human_papillomavirus_128_(HPV128),_complete_genome
virus705	gi|319976676|lcl|HPV129REF.1|_Human_papillomavirus_129_(HPV129),_complete_genome
virus706	gi|312451789|lcl|HPV130REF.1|_Human_papillomavirus_130_(HPV130),_complete_genome
virus707	gi|319976668|lcl|HPV131REF.1|_Human_papillomavirus_131_(HPV131),_complete_genome
virus708	gi|319962668|lcl|HPV132REF.1|_Human_papillomavirus_132_(HPV132),_complete_genome
virus709	gi|312451813|lcl|HPV133REF.1|_Human_papillomavirus_133_(HPV133),_complete_genome
virus710	gi|319962660|lcl|HPV134REF.1|_Human_papillomavirus_134_(HPV134),_complete_genome
virus711	gi|389656400|lcl|HPV135REF.1|_Human_papillomavirus_135_(HPV135),_complete_genome
virus712	gi|389656408|lcl|HPV136REF.1|_Human_papillomavirus_136_(HPV136),_complete_genome
virus713	gi|389656416|lcl|HPV137REF.1|_Human_papillomavirus_137_(HPV137),_complete_genome
virus714	gi|343411537|lcl|HPV138REF.1|_Human_papillomavirus_138_(HPV138),_complete_genome
virus715	gi|343411545|lcl|HPV139REF.1|_Human_papillomavirus_139_(HPV139),_complete_genome
virus716	gi|389656424|lcl|HPV140REF.1|_Human_papillomavirus_140_(HPV140),_complete_genome
virus717	gi|343411561|lcl|HPV141REF.1|_Human_papillomavirus_141_(HPV141),_complete_genome
virus718	gi|343411569|lcl|HPV142REF.1|_Human_papillomavirus_142_(HPV142),_complete_genome
virus719	gi|343411577|lcl|HPV143REF.1|_Human_papillomavirus_143_(HPV143),_complete_genome
virus720	gi|389656432|lcl|HPV144REF.1|_Human_papillomavirus_144_(HPV144),_complete_genome
virus721	gi|343411593|lcl|HPV145REF.1|_Human_papillomavirus_145_(HPV145),_complete_genome
virus722	gi|343411601|lcl|HPV146REF.1|_Human_papillomavirus_146_(HPV146),_complete_genome
virus723	gi|343411609|lcl|HPV147REF.1|_Human_papillomavirus_147_(HPV147),_complete_genome
virus724	gi|317046144|lcl|HPV148REF.1|_Human_papillomavirus_148_(HPV148),_complete_genome
virus725	gi|312451781|lcl|HPV149REF.1|_Human_papillomavirus_149_(HPV149),_complete_genome
virus726	gi|290964853|lcl|HPV150REF.1|_Human_papillomavirus_150_(HPV150),_complete_genome
virus727	gi|290964861|lcl|HPV151REF.1|_Human_papillomavirus_151_(HPV151),_complete_genome
virus728	gi|327195187|lcl|HPV152REF.1|_Human_papillomavirus_152_(HPV152),_complete_genome
virus729	gi|356483524|lcl|HPV153REF.1|_Human_papillomavirus_153_(HPV153),_complete_genome
virus730	gi|512721866|lcl|HPV154REF.1|_Human_papillomavirus_154_(HPV154),_complete_genome
virus731	gi|353441719|lcl|HPV155REF.1|_Human_papillomavirus_155_(HPV155),_complete_genome
virus732	gi|410443770|lcl|HPV156REF.1|_Human_papillomavirus_156_(HPV156),_complete_genome
virus733	gi|1020934679|lcl|HPV157REF.1|_Human_Papillomavirus_157_(HPV157),_complete_genome
virus734	gi|1020934693|lcl|HPV158REF.1|_Human_Papillomavirus_158_(HPV158),_complete_genome
virus735	gi|395627595|lcl|HPV159REF.1|_Human_papillomavirus_159_(HPV159),_complete_genome
virus736	gi|457866359|lcl|HPV160REF.1|_Human_papillomavirus_160_(HPV160),_complete_genome
virus737	gi|409183135|lcl|HPV161REF.1|_Human_papillomavirus_161_(HPV161),_complete_genome
virus738	gi|409183128|lcl|HPV162REF.1|_Human_papillomavirus_162_(HPV162),_complete_genome
virus739	gi|409183121|lcl|HPV163REF.1|_Human_papillomavirus_163_(HPV163),_complete_genome
virus740	gi|409183113|lcl|HPV164REF.1|_Human_papillomavirus_164_(HPV164),_complete_genome
virus741	gi|409183149|lcl|HPV165REF.1|_Human_Papillomavirus_165_(HPV165),_complete_genome
virus742	gi|410118099|lcl|HPV166REF.1|_Human_papillomavirus_166_(HPV166),_complete_genome
virus743	gi|559797726|lcl|HPV167REF.1|_Human_papillomavirus_167_(HPV167),_complete_genome
virus744	gi|557825766|lcl|HPV168REF.1|_Human_papillomavirus_168_(HPV168),_complete_genome
virus745	gi|409183105|lcl|HPV169REF.1|_Human_papillomavirus_169_(HPV169),_complete_genome
virus746	gi|409183142|lcl|HPV170REF.1|_Human_papillomavirus_170_(HPV170),_complete_genome
virus747	gi|564732516|lcl|HPV171REF.1|_Human_papillomavirus_171_(HPV171),_complete_genome
virus748	gi|564732524|lcl|HPV172REF.1|_Human_papillomavirus_172_(HPV172),_complete_genome
virus749	gi|564732532|lcl|HPV173REF.1|_Human_papillomavirus_173_(HPV173),_complete_genome
virus750	gi|469662959|lcl|HPV174REF.1|_Human_papillomavirus_174_(HPV174),_complete_genome
virus751	gi|443498370|lcl|HPV175REF.1|_Human_papillomavirus_175_(HPV175),_complete_genome
virus752	gi|607064610|lcl|HPV178REF.1|_Human_Papillomavirus_178_(HPV178),_complete_genome
virus753	gi|530787707|lcl|HPV179REF.1|_Human_papillomavirus_type_179_(HPV179),_complete_genome
virus754	gi|443498378|lcl|HPV180REF.1|_Human_papillomavirus_180_(HPV180),_complete_genome
virus755	gi|551364092|lcl|HPV184REF.1|_Human_papillomavirus_type_184_(HPV184),_complete_genome
virus756	gi|677569933|lcl|HPV197REF.1|_Human_papillomavirus_type_197_(HPV197),_complete_genome
virus757	gi|674781099|lcl|HPV199REF.1|_Human_papillomavirus_type_199_(HPV199),_complete_genome
virus758	gi|870702416|lcl|HPV200REF.1|_Human_papillomavirus_200_(HPV200),_complete_genome
virus759	gi|896684338|lcl|HPV201REF.1|_Human_papillomavirus_201_(HPV201),_complete_genome
virus760	gi|870702434|lcl|HPV202REF.1|_Human_papillomavirus_202_(HPV202),_complete_genome
virus761	gi|819925266|lcl|HPV204REF.1|_Human_papillomavirus_204_(HPV204),_complete_genome
virus762	gi|1020934686|lcl|HPV205REF.1|_Human_Papillomavirus_205_(HPV205),_complete_genome
virus763	NC_045512.2 Severe acute respiratory syndrome coronavirus 2 isolate Wuhan-Hu-1, complete genome
virus764	AF156963.1 Homo sapiens human endogenous retrovirus W envC7-1 envelope protein (env) gene, complete cds
virus765	AY101582.1 Homo sapiens isolate 21 endogenous retrovirus HERV-W, ERVWE1 locus, allele A, complete sequence
virus766	AF072498.1 Homo sapiens multiple sclerosis associated retrovirus env probe Penv-C15 sequence
virus767	AF127228.1 Multiple sclerosis associated retrovirus element clone CL15 env-like mRNA sequence
virus768	AF127229.1 Multiple sclerosis associated retrovirus element clone CL6 pol-env/3'LTR-like mRNA sequence
virus769	AF331500.1 Multiple sclerosis associated retrovirus element clone pV14 recombinant envelope protein (env) mRNA, complete cds
virus770	hervt_10110_100018_con_chaindnarm HERVT
virus771	herve_10210_100008_con_chaindnarm HERVT
virus772	harlequin_10210_877_bre_chaindnarm HARLEQUIN
virus773	harlequin_10220_2630_bre_chaindnarm HARLEQUIN
virus774	harlequin_10220_6022_bre_chaindnarm HARLEQUIN
virus775	herv3_10230_100004_con_chaindnarm HERV3
virus776	herv1_10240_100002_con_chaindnarm HERV1
virus777	herv1_artiodact_10740_100003_con_chaindnarm HERV1_ARTIODACT
virus778	herv4_10760_100005_con_chaindnarm HERV4
virus779	herv4_10250_100014_con_chaindnarm HERVI
virus780	herv4_10410_100015_con_chaindnarm HERVIP
virus781	hervadp_10420_100007_con_chaindnarm HERVADP
virus782	herv9_10320_100006_con_chaindnarm HERV9
virus783	hervw_10310_100019_con_chaindnarm HERVW
virus784	herv30_10330_2924_bre_chaindnarm HERV30
virus785	ltr19_10350_4074_bre_chaindnarm LTR19
virus786	huersp1_10910_3408_bre_chaindnarm HUERSP1
virus787	huersp2_10920_100030_con_chaindnarm HUERSP2
virus788	huersp3_10930_100031_con_chaindnarm HUERSP3
virus789	mer66_10730_5711_bre_chaindnarm MER66
virus790	mer52_10940_2310_bre_chaindnarm MER52
virus791	ltr25_10950_2482_bre_chaindnarm LTR25
virus792	mer84_10530_3405_bre_chaindnarm MER84
virus793	hervfrd_10710_3633_bre_chaindnarm HERVFRD
virus794	prima4_10882_100034_con_chaindnarm PRIMA4
virus795	prima41_10720_100035_con_chaindnarm PRIMA41
virus796	pabl_10750_100033_con_chaindnarm PABL
virus797	mer65_10850_1024_bre_chaindnarm MER65
virus798	hepsi1_10810_3172_bre_chaindnarm HEPSI1
virus799	hepsi2_10820_100001_con_chaindnarm HEPSI2
virus800	hepsi2_10820_1356_bre_chaindnarm HEPSI2
virus801	hepsi2_10820_4152_bre_chaindnarm HEPSI2
virus802	hepsi3_10830_4269_bre_chaindnarm HEPSI3
virus803	hepsi4_10840_5359_bre_chaindnarm HEPSI4
virus804	mer89_10881_1069_bre_chaindnarm MER89
virus805	herv24_10872_4820_bre_chaindnarm HERV24
virus806	mer34_10860_2836_bre_chaindnarm MER34
virus807	mer57_10520_3506_bre_chaindnarm MER57
virus808	mer50_11510_2849_bre_chaindnarm MER50
virus809	ltr46_10660_100032_con_chaindnarm LTR46
virus810	ltr46_10660_5489_bre_chaindnarm LTR46
virus811	hervfa_10630_100009_con_chaindnarm HERVFA
virus812	hervfb_10640_100010_con_chaindnarm HERVFB
virus813	hervfc_10650_100011_con_chaindnarm HERVFC
virus814	hervh48_10620_100013_con_chaindnarm HERVH48
virus815	hervh_10610_100012_con_chaindnarm HERVH
virus816	HERVH_consensus41_chaindna HERVH
virus817	hml1_20010_100020_con_chaindnarm HML1
virus818	hml2_20020_100022_con_chaindnarm HML2
virus819	hml3_20030_100023_con_chaindnarm HML3
virus820	hml4_20040_100024_con_chaindnarm HML4
virus821	hml5_20050_100025_con_chaindnarm HML5
virus822	hml6_20060_100026_con_chaindnarm HML6
virus823	hml7_20070_100027_con_chaindnarm HML7
virus824	hml8_20080_100028_con_chaindnarm HML8
virus825	hml9_20090_100029_con_chaindnarm HML9
virus826	hml10_20100_100021_con_chaindnarm HML10
virus827	hml10_20100_6073_bre_chaindnarm HML10
virus828	hervl_30010_100016_con_chaindnarm HERVL
virus829	hervs_30200_100017_con_chaindnarm HERVS
virus830	hervl32_30220_1946_bre_chaindnarm HERVL32
virus831	hervl66_30210_6207_bre_chaindnarm HERVL66
virus832	ltr57_30100_4146_bre_chaindnarm LTR57
virus833	unc_errantilike_50000_5484_bre_chaindnarm UNC_ERRANTILIKE
